PRAGMA foreign_keys = ON;
BEGIN TRANSACTION;

DROP TABLE IF EXISTS server;
CREATE TABLE server (
    id          INTEGER PRIMARY KEY,
    name        VARCHAR UNIQUE,
    notes       VARCHAR
);

DROP TABLE IF EXISTS ip;
CREATE TABLE ip (
    id INTEGER PRIMARY KEY,
    ip          INTEGER UNIQUE,
    notes       VARCHAR
);

DROP TABLE IF EXISTS subnet;
CREATE TABLE subnet (
    id          INTEGER PRIMARY KEY,
    network     VARCHAR UNIQUE,
    gateway     VARCHAR UNIQUE,
    broadcast   VARCHAR UNIQUE,
    prefix      VARCHAR,
    netmask     VARCHAR,
    comment     VARCHAR
);

DROP TABLE IF EXISTS vlan;
CREATE TABLE vlan (
    id          INTEGER PRIMARY KEY,
    vlan        INTEGER,
    comment     VARCHAR,
    notes       VARCHAR
);

DROP TABLE IF EXISTS vlan_subnets;
CREATE TABLE vlan_subnets (
    vlan_id     INTEGER,
    subnet_id   INTEGER,
    FOREIGN KEY(vlan_id)    REFERENCES vlan(id)     ON DELETE CASCADE,
    FOREIGN KEY(subnet_id)  REFERENCES subnet(id)   ON DELETE CASCADE
);


DROP TABLE IF EXISTS ip_subnet;
CREATE TABLE ip_subnet (
    subnet_id   INTEGER,
    ip_id       INTEGER,
    FOREIGN KEY(subnet_id)  REFERENCES subnet(id)   ON DELETE CASCADE,
    FOREIGN KEY(ip_id)      REFERENCES ip(id)       ON DELETE CASCADE
);

DROP TABLE IF EXISTS server_ips;
CREATE TABLE server_ips (
    server_id   INTEGER,
    ip_id       INTEGER,
    FOREIGN KEY(server_id)  REFERENCES server(id)   ON DELETE CASCADE,
    FOREIGN KEY(ip_id)      REFERENCES ip(id)       ON DELETE CASCADE
);

CREATE INDEX subnet_index       ON ip_subnet(subnet_id);
CREATE INDEX ip_subnet_index    ON ip_subnet(ip_id);
CREATE INDEX server_index       ON server_ips(server_id);
CREATE INDEX ip_index           ON server_ips(ip_id);
CREATE INDEX vlan_index         ON vlan_subnets(vlan_id);
CREATE INDEX subnet_vlan_index  ON vlan_subnets(subnet_id);

INSERT INTO "server" VALUES(1, 'abc-123', '' );
INSERT INTO "server" VALUES(2, 'def-456', '' );
INSERT INTO "server" VALUES(3, 'hij-654', '' );
INSERT INTO "server" VALUES(4, 'zxc-576', '' );
INSERT INTO "server" VALUES(5, 'fgh-753', '' );

INSERT INTO "vlan" VALUES(1, 100, 'Foo',     '' ); 
INSERT INTO "vlan" VALUES(2, 130, 'Public',  '' ); 
INSERT INTO "vlan" VALUES(3, 131, 'Private', '' ); 

/*
INSERT INTO "ip" VALUES(1, '192.168.0.2', '' );
INSERT INTO "ip" VALUES(2, '192.168.0.3', '' );
INSERT INTO "ip" VALUES(3, '192.168.0.4', '' );
INSERT INTO "ip" VALUES(4, '192.168.0.5', '' );
INSERT INTO "ip" VALUES(5, '10.10.0.2', '' );
INSERT INTO "ip" VALUES(6, '10.10.0.3', '' );
INSERT INTO "ip" VALUES(7, '10.10.0.4', '' );
INSERT INTO "ip" VALUES(8, '10.10.0.5', '' );
INSERT INTO "ip" VALUES(9, '172.0.10.2', '' );
INSERT INTO "ip" VALUES(10, '172.0.10.3', '' );
INSERT INTO "ip" VALUES(11, '172.0.10.4', '' );
INSERT INTO "ip" VALUES(12, '172.0.10.5', '' );
*/

INSERT INTO "subnet" VALUES(1, '192.168.0.0', '192.168.0.1', '192.168.0.255', '/24', '255.255.255.0', '');
INSERT INTO "subnet" VALUES(2, '10.10.0.0', '10.10.0.1', '10.10.0.255', '/24', '255.255.255.0', '');
INSERT INTO "subnet" VALUES(3, '172.0.10.0', '172.0.10.1', '172.0.10.255', '/24', '255.255.255.0', '');

INSERT INTO "vlan_subnets" VALUES(1, 1);
INSERT INTO "vlan_subnets" VALUES(1, 2);
INSERT INTO "vlan_subnets" VALUES(2, 3);

/*
INSERT INTO "ip_subnet" VALUES(1, 1);
INSERT INTO "ip_subnet" VALUES(1, 2);
INSERT INTO "ip_subnet" VALUES(1, 3);
INSERT INTO "ip_subnet" VALUES(1, 4);
INSERT INTO "ip_subnet" VALUES(2, 5);
INSERT INTO "ip_subnet" VALUES(2, 6);
INSERT INTO "ip_subnet" VALUES(2, 7);
INSERT INTO "ip_subnet" VALUES(2, 8);
INSERT INTO "ip_subnet" VALUES(3, 9);
INSERT INTO "ip_subnet" VALUES(3, 10);
INSERT INTO "ip_subnet" VALUES(3, 11);
INSERT INTO "ip_subnet" VALUES(3, 12);
*/

/*
INSERT INTO "server_ips" VALUES(1, 1);
INSERT INTO "server_ips" VALUES(2, 2);
INSERT INTO "server_ips" VALUES(3, 3);
INSERT INTO "server_ips" VALUES(3, 4);
INSERT INTO "server_ips" VALUES(4, 5);
INSERT INTO "server_ips" VALUES(4, 6);
INSERT INTO "server_ips" VALUES(4, 7);
INSERT INTO "server_ips" VALUES(4, 8);
INSERT INTO "server_ips" VALUES(5, 9);
INSERT INTO "server_ips" VALUES(5, 10);
INSERT INTO "server_ips" VALUES(5, 11);
INSERT INTO "server_ips" VALUES(5, 12);
*/
INSERT INTO "ip" VALUES(13, -1062731770, '' );
INSERT INTO "ip" VALUES(14, -1062731769, '' );
INSERT INTO "ip" VALUES(15, -1062731768, '' );
INSERT INTO "ip" VALUES(16, -1062731767, '' );
INSERT INTO "ip" VALUES(17, -1062731766, '' );
INSERT INTO "ip" VALUES(18, -1062731765, '' );
INSERT INTO "ip" VALUES(19, -1062731764, '' );
INSERT INTO "ip" VALUES(20, -1062731763, '' );
INSERT INTO "ip" VALUES(21, -1062731762, '' );
INSERT INTO "ip" VALUES(22, -1062731761, '' );
INSERT INTO "ip" VALUES(23, -1062731760, '' );
INSERT INTO "ip" VALUES(24, -1062731759, '' );
INSERT INTO "ip" VALUES(25, -1062731758, '' );
INSERT INTO "ip" VALUES(26, -1062731757, '' );
INSERT INTO "ip" VALUES(27, -1062731756, '' );
INSERT INTO "ip" VALUES(28, -1062731755, '' );
INSERT INTO "ip" VALUES(29, -1062731754, '' );
INSERT INTO "ip" VALUES(30, -1062731753, '' );
INSERT INTO "ip" VALUES(31, -1062731752, '' );
INSERT INTO "ip" VALUES(32, -1062731751, '' );
INSERT INTO "ip" VALUES(33, -1062731750, '' );
INSERT INTO "ip" VALUES(34, -1062731749, '' );
INSERT INTO "ip" VALUES(35, -1062731748, '' );
INSERT INTO "ip" VALUES(36, -1062731747, '' );
INSERT INTO "ip" VALUES(37, -1062731746, '' );
INSERT INTO "ip" VALUES(38, -1062731745, '' );
INSERT INTO "ip" VALUES(39, -1062731744, '' );
INSERT INTO "ip" VALUES(40, -1062731743, '' );
INSERT INTO "ip" VALUES(41, -1062731742, '' );
INSERT INTO "ip" VALUES(42, -1062731741, '' );
INSERT INTO "ip" VALUES(43, -1062731740, '' );
INSERT INTO "ip" VALUES(44, -1062731739, '' );
INSERT INTO "ip" VALUES(45, -1062731738, '' );
INSERT INTO "ip" VALUES(46, -1062731737, '' );
INSERT INTO "ip" VALUES(47, -1062731736, '' );
INSERT INTO "ip" VALUES(48, -1062731735, '' );
INSERT INTO "ip" VALUES(49, -1062731734, '' );
INSERT INTO "ip" VALUES(50, -1062731733, '' );
INSERT INTO "ip" VALUES(51, -1062731732, '' );
INSERT INTO "ip" VALUES(52, -1062731731, '' );
INSERT INTO "ip" VALUES(53, -1062731730, '' );
INSERT INTO "ip" VALUES(54, -1062731729, '' );
INSERT INTO "ip" VALUES(55, -1062731728, '' );
INSERT INTO "ip" VALUES(56, -1062731727, '' );
INSERT INTO "ip" VALUES(57, -1062731726, '' );
INSERT INTO "ip" VALUES(58, -1062731725, '' );
INSERT INTO "ip" VALUES(59, -1062731724, '' );
INSERT INTO "ip" VALUES(60, -1062731723, '' );
INSERT INTO "ip" VALUES(61, -1062731722, '' );
INSERT INTO "ip" VALUES(62, -1062731721, '' );
INSERT INTO "ip" VALUES(63, -1062731720, '' );
INSERT INTO "ip" VALUES(64, -1062731719, '' );
INSERT INTO "ip" VALUES(65, -1062731718, '' );
INSERT INTO "ip" VALUES(66, -1062731717, '' );
INSERT INTO "ip" VALUES(67, -1062731716, '' );
INSERT INTO "ip" VALUES(68, -1062731715, '' );
INSERT INTO "ip" VALUES(69, -1062731714, '' );
INSERT INTO "ip" VALUES(70, -1062731713, '' );
INSERT INTO "ip" VALUES(71, -1062731712, '' );
INSERT INTO "ip" VALUES(72, -1062731711, '' );
INSERT INTO "ip" VALUES(73, -1062731710, '' );
INSERT INTO "ip" VALUES(74, -1062731709, '' );
INSERT INTO "ip" VALUES(75, -1062731708, '' );
INSERT INTO "ip" VALUES(76, -1062731707, '' );
INSERT INTO "ip" VALUES(77, -1062731706, '' );
INSERT INTO "ip" VALUES(78, -1062731705, '' );
INSERT INTO "ip" VALUES(79, -1062731704, '' );
INSERT INTO "ip" VALUES(80, -1062731703, '' );
INSERT INTO "ip" VALUES(81, -1062731702, '' );
INSERT INTO "ip" VALUES(82, -1062731701, '' );
INSERT INTO "ip" VALUES(83, -1062731700, '' );
INSERT INTO "ip" VALUES(84, -1062731699, '' );
INSERT INTO "ip" VALUES(85, -1062731698, '' );
INSERT INTO "ip" VALUES(86, -1062731697, '' );
INSERT INTO "ip" VALUES(87, -1062731696, '' );
INSERT INTO "ip" VALUES(88, -1062731695, '' );
INSERT INTO "ip" VALUES(89, -1062731694, '' );
INSERT INTO "ip" VALUES(90, -1062731693, '' );
INSERT INTO "ip" VALUES(91, -1062731692, '' );
INSERT INTO "ip" VALUES(92, -1062731691, '' );
INSERT INTO "ip" VALUES(93, -1062731690, '' );
INSERT INTO "ip" VALUES(94, -1062731689, '' );
INSERT INTO "ip" VALUES(95, -1062731688, '' );
INSERT INTO "ip" VALUES(96, -1062731687, '' );
INSERT INTO "ip" VALUES(97, -1062731686, '' );
INSERT INTO "ip" VALUES(98, -1062731685, '' );
INSERT INTO "ip" VALUES(99, -1062731684, '' );
INSERT INTO "ip" VALUES(100, -1062731683, '' );
INSERT INTO "ip" VALUES(101, -1062731682, '' );
INSERT INTO "ip" VALUES(102, -1062731681, '' );
INSERT INTO "ip" VALUES(103, -1062731680, '' );
INSERT INTO "ip" VALUES(104, -1062731679, '' );
INSERT INTO "ip" VALUES(105, -1062731678, '' );
INSERT INTO "ip" VALUES(106, -1062731677, '' );
INSERT INTO "ip" VALUES(107, -1062731676, '' );
INSERT INTO "ip" VALUES(108, -1062731675, '' );
INSERT INTO "ip" VALUES(109, -1062731674, '' );
INSERT INTO "ip" VALUES(110, -1062731673, '' );
INSERT INTO "ip" VALUES(111, -1062731672, '' );
INSERT INTO "ip" VALUES(112, -1062731671, '' );
INSERT INTO "ip" VALUES(113, -1062731670, '' );
INSERT INTO "ip" VALUES(114, -1062731669, '' );
INSERT INTO "ip" VALUES(115, -1062731668, '' );
INSERT INTO "ip" VALUES(116, -1062731667, '' );
INSERT INTO "ip" VALUES(117, -1062731666, '' );
INSERT INTO "ip" VALUES(118, -1062731665, '' );
INSERT INTO "ip" VALUES(119, -1062731664, '' );
INSERT INTO "ip" VALUES(120, -1062731663, '' );
INSERT INTO "ip" VALUES(121, -1062731662, '' );
INSERT INTO "ip" VALUES(122, -1062731661, '' );
INSERT INTO "ip" VALUES(123, -1062731660, '' );
INSERT INTO "ip" VALUES(124, -1062731659, '' );
INSERT INTO "ip" VALUES(125, -1062731658, '' );
INSERT INTO "ip" VALUES(126, -1062731657, '' );
INSERT INTO "ip" VALUES(127, -1062731656, '' );
INSERT INTO "ip" VALUES(128, -1062731655, '' );
INSERT INTO "ip" VALUES(129, -1062731654, '' );
INSERT INTO "ip" VALUES(130, -1062731653, '' );
INSERT INTO "ip" VALUES(131, -1062731652, '' );
INSERT INTO "ip" VALUES(132, -1062731651, '' );
INSERT INTO "ip" VALUES(133, -1062731650, '' );
INSERT INTO "ip" VALUES(134, -1062731649, '' );
INSERT INTO "ip" VALUES(135, -1062731648, '' );
INSERT INTO "ip" VALUES(136, -1062731647, '' );
INSERT INTO "ip" VALUES(137, -1062731646, '' );
INSERT INTO "ip" VALUES(138, -1062731645, '' );
INSERT INTO "ip" VALUES(139, -1062731644, '' );
INSERT INTO "ip" VALUES(140, -1062731643, '' );
INSERT INTO "ip" VALUES(141, -1062731642, '' );
INSERT INTO "ip" VALUES(142, -1062731641, '' );
INSERT INTO "ip" VALUES(143, -1062731640, '' );
INSERT INTO "ip" VALUES(144, -1062731639, '' );
INSERT INTO "ip" VALUES(145, -1062731638, '' );
INSERT INTO "ip" VALUES(146, -1062731637, '' );
INSERT INTO "ip" VALUES(147, -1062731636, '' );
INSERT INTO "ip" VALUES(148, -1062731635, '' );
INSERT INTO "ip" VALUES(149, -1062731634, '' );
INSERT INTO "ip" VALUES(150, -1062731633, '' );
INSERT INTO "ip" VALUES(151, -1062731632, '' );
INSERT INTO "ip" VALUES(152, -1062731631, '' );
INSERT INTO "ip" VALUES(153, -1062731630, '' );
INSERT INTO "ip" VALUES(154, -1062731629, '' );
INSERT INTO "ip" VALUES(155, -1062731628, '' );
INSERT INTO "ip" VALUES(156, -1062731627, '' );
INSERT INTO "ip" VALUES(157, -1062731626, '' );
INSERT INTO "ip" VALUES(158, -1062731625, '' );
INSERT INTO "ip" VALUES(159, -1062731624, '' );
INSERT INTO "ip" VALUES(160, -1062731623, '' );
INSERT INTO "ip" VALUES(161, -1062731622, '' );
INSERT INTO "ip" VALUES(162, -1062731621, '' );
INSERT INTO "ip" VALUES(163, -1062731620, '' );
INSERT INTO "ip" VALUES(164, -1062731619, '' );
INSERT INTO "ip" VALUES(165, -1062731618, '' );
INSERT INTO "ip" VALUES(166, -1062731617, '' );
INSERT INTO "ip" VALUES(167, -1062731616, '' );
INSERT INTO "ip" VALUES(168, -1062731615, '' );
INSERT INTO "ip" VALUES(169, -1062731614, '' );
INSERT INTO "ip" VALUES(170, -1062731613, '' );
INSERT INTO "ip" VALUES(171, -1062731612, '' );
INSERT INTO "ip" VALUES(172, -1062731611, '' );
INSERT INTO "ip" VALUES(173, -1062731610, '' );
INSERT INTO "ip" VALUES(174, -1062731609, '' );
INSERT INTO "ip" VALUES(175, -1062731608, '' );
INSERT INTO "ip" VALUES(176, -1062731607, '' );
INSERT INTO "ip" VALUES(177, -1062731606, '' );
INSERT INTO "ip" VALUES(178, -1062731605, '' );
INSERT INTO "ip" VALUES(179, -1062731604, '' );
INSERT INTO "ip" VALUES(180, -1062731603, '' );
INSERT INTO "ip" VALUES(181, -1062731602, '' );
INSERT INTO "ip" VALUES(182, -1062731601, '' );
INSERT INTO "ip" VALUES(183, -1062731600, '' );
INSERT INTO "ip" VALUES(184, -1062731599, '' );
INSERT INTO "ip" VALUES(185, -1062731598, '' );
INSERT INTO "ip" VALUES(186, -1062731597, '' );
INSERT INTO "ip" VALUES(187, -1062731596, '' );
INSERT INTO "ip" VALUES(188, -1062731595, '' );
INSERT INTO "ip" VALUES(189, -1062731594, '' );
INSERT INTO "ip" VALUES(190, -1062731593, '' );
INSERT INTO "ip" VALUES(191, -1062731592, '' );
INSERT INTO "ip" VALUES(192, -1062731591, '' );
INSERT INTO "ip" VALUES(193, -1062731590, '' );
INSERT INTO "ip" VALUES(194, -1062731589, '' );
INSERT INTO "ip" VALUES(195, -1062731588, '' );
INSERT INTO "ip" VALUES(196, -1062731587, '' );
INSERT INTO "ip" VALUES(197, -1062731586, '' );
INSERT INTO "ip" VALUES(198, -1062731585, '' );
INSERT INTO "ip" VALUES(199, -1062731584, '' );
INSERT INTO "ip" VALUES(200, -1062731583, '' );
INSERT INTO "ip" VALUES(201, -1062731582, '' );
INSERT INTO "ip" VALUES(202, -1062731581, '' );
INSERT INTO "ip" VALUES(203, -1062731580, '' );
INSERT INTO "ip" VALUES(204, -1062731579, '' );
INSERT INTO "ip" VALUES(205, -1062731578, '' );
INSERT INTO "ip" VALUES(206, -1062731577, '' );
INSERT INTO "ip" VALUES(207, -1062731576, '' );
INSERT INTO "ip" VALUES(208, -1062731575, '' );
INSERT INTO "ip" VALUES(209, -1062731574, '' );
INSERT INTO "ip" VALUES(210, -1062731573, '' );
INSERT INTO "ip" VALUES(211, -1062731572, '' );
INSERT INTO "ip" VALUES(212, -1062731571, '' );
INSERT INTO "ip" VALUES(213, -1062731570, '' );
INSERT INTO "ip" VALUES(214, -1062731569, '' );
INSERT INTO "ip" VALUES(215, -1062731568, '' );
INSERT INTO "ip" VALUES(216, -1062731567, '' );
INSERT INTO "ip" VALUES(217, -1062731566, '' );
INSERT INTO "ip" VALUES(218, -1062731565, '' );
INSERT INTO "ip" VALUES(219, -1062731564, '' );
INSERT INTO "ip" VALUES(220, -1062731563, '' );
INSERT INTO "ip" VALUES(221, -1062731562, '' );
INSERT INTO "ip" VALUES(222, -1062731561, '' );
INSERT INTO "ip" VALUES(223, -1062731560, '' );
INSERT INTO "ip" VALUES(224, -1062731559, '' );
INSERT INTO "ip" VALUES(225, -1062731558, '' );
INSERT INTO "ip" VALUES(226, -1062731557, '' );
INSERT INTO "ip" VALUES(227, -1062731556, '' );
INSERT INTO "ip" VALUES(228, -1062731555, '' );
INSERT INTO "ip" VALUES(229, -1062731554, '' );
INSERT INTO "ip" VALUES(230, -1062731553, '' );
INSERT INTO "ip" VALUES(231, -1062731552, '' );
INSERT INTO "ip" VALUES(232, -1062731551, '' );
INSERT INTO "ip" VALUES(233, -1062731550, '' );
INSERT INTO "ip" VALUES(234, -1062731549, '' );
INSERT INTO "ip" VALUES(235, -1062731548, '' );
INSERT INTO "ip" VALUES(236, -1062731547, '' );
INSERT INTO "ip" VALUES(237, -1062731546, '' );
INSERT INTO "ip" VALUES(238, -1062731545, '' );
INSERT INTO "ip" VALUES(239, -1062731544, '' );
INSERT INTO "ip" VALUES(240, -1062731543, '' );
INSERT INTO "ip" VALUES(241, -1062731542, '' );
INSERT INTO "ip" VALUES(242, -1062731541, '' );
INSERT INTO "ip" VALUES(243, -1062731540, '' );
INSERT INTO "ip" VALUES(244, -1062731539, '' );
INSERT INTO "ip" VALUES(245, -1062731538, '' );
INSERT INTO "ip" VALUES(246, -1062731537, '' );
INSERT INTO "ip" VALUES(247, -1062731536, '' );
INSERT INTO "ip" VALUES(248, -1062731535, '' );
INSERT INTO "ip" VALUES(249, -1062731534, '' );
INSERT INTO "ip" VALUES(250, -1062731533, '' );
INSERT INTO "ip" VALUES(251, -1062731532, '' );
INSERT INTO "ip" VALUES(252, -1062731531, '' );
INSERT INTO "ip" VALUES(253, -1062731530, '' );
INSERT INTO "ip" VALUES(254, -1062731529, '' );
INSERT INTO "ip" VALUES(255, -1062731528, '' );
INSERT INTO "ip" VALUES(256, -1062731527, '' );
INSERT INTO "ip" VALUES(257, -1062731526, '' );
INSERT INTO "ip" VALUES(258, -1062731525, '' );
INSERT INTO "ip" VALUES(259, -1062731524, '' );
INSERT INTO "ip" VALUES(260, -1062731523, '' );
INSERT INTO "ip" VALUES(261, -1062731522, '' );
INSERT INTO "ip" VALUES(262, -1062731521, '' );
INSERT INTO "ip_subnet" VALUES(1, 13);
INSERT INTO "ip_subnet" VALUES(1, 14);
INSERT INTO "ip_subnet" VALUES(1, 15);
INSERT INTO "ip_subnet" VALUES(1, 16);
INSERT INTO "ip_subnet" VALUES(1, 17);
INSERT INTO "ip_subnet" VALUES(1, 18);
INSERT INTO "ip_subnet" VALUES(1, 19);
INSERT INTO "ip_subnet" VALUES(1, 20);
INSERT INTO "ip_subnet" VALUES(1, 21);
INSERT INTO "ip_subnet" VALUES(1, 22);
INSERT INTO "ip_subnet" VALUES(1, 23);
INSERT INTO "ip_subnet" VALUES(1, 24);
INSERT INTO "ip_subnet" VALUES(1, 25);
INSERT INTO "ip_subnet" VALUES(1, 26);
INSERT INTO "ip_subnet" VALUES(1, 27);
INSERT INTO "ip_subnet" VALUES(1, 28);
INSERT INTO "ip_subnet" VALUES(1, 29);
INSERT INTO "ip_subnet" VALUES(1, 30);
INSERT INTO "ip_subnet" VALUES(1, 31);
INSERT INTO "ip_subnet" VALUES(1, 32);
INSERT INTO "ip_subnet" VALUES(1, 33);
INSERT INTO "ip_subnet" VALUES(1, 34);
INSERT INTO "ip_subnet" VALUES(1, 35);
INSERT INTO "ip_subnet" VALUES(1, 36);
INSERT INTO "ip_subnet" VALUES(1, 37);
INSERT INTO "ip_subnet" VALUES(1, 38);
INSERT INTO "ip_subnet" VALUES(1, 39);
INSERT INTO "ip_subnet" VALUES(1, 40);
INSERT INTO "ip_subnet" VALUES(1, 41);
INSERT INTO "ip_subnet" VALUES(1, 42);
INSERT INTO "ip_subnet" VALUES(1, 43);
INSERT INTO "ip_subnet" VALUES(1, 44);
INSERT INTO "ip_subnet" VALUES(1, 45);
INSERT INTO "ip_subnet" VALUES(1, 46);
INSERT INTO "ip_subnet" VALUES(1, 47);
INSERT INTO "ip_subnet" VALUES(1, 48);
INSERT INTO "ip_subnet" VALUES(1, 49);
INSERT INTO "ip_subnet" VALUES(1, 50);
INSERT INTO "ip_subnet" VALUES(1, 51);
INSERT INTO "ip_subnet" VALUES(1, 52);
INSERT INTO "ip_subnet" VALUES(1, 53);
INSERT INTO "ip_subnet" VALUES(1, 54);
INSERT INTO "ip_subnet" VALUES(1, 55);
INSERT INTO "ip_subnet" VALUES(1, 56);
INSERT INTO "ip_subnet" VALUES(1, 57);
INSERT INTO "ip_subnet" VALUES(1, 58);
INSERT INTO "ip_subnet" VALUES(1, 59);
INSERT INTO "ip_subnet" VALUES(1, 60);
INSERT INTO "ip_subnet" VALUES(1, 61);
INSERT INTO "ip_subnet" VALUES(1, 62);
INSERT INTO "ip_subnet" VALUES(1, 63);
INSERT INTO "ip_subnet" VALUES(1, 64);
INSERT INTO "ip_subnet" VALUES(1, 65);
INSERT INTO "ip_subnet" VALUES(1, 66);
INSERT INTO "ip_subnet" VALUES(1, 67);
INSERT INTO "ip_subnet" VALUES(1, 68);
INSERT INTO "ip_subnet" VALUES(1, 69);
INSERT INTO "ip_subnet" VALUES(1, 70);
INSERT INTO "ip_subnet" VALUES(1, 71);
INSERT INTO "ip_subnet" VALUES(1, 72);
INSERT INTO "ip_subnet" VALUES(1, 73);
INSERT INTO "ip_subnet" VALUES(1, 74);
INSERT INTO "ip_subnet" VALUES(1, 75);
INSERT INTO "ip_subnet" VALUES(1, 76);
INSERT INTO "ip_subnet" VALUES(1, 77);
INSERT INTO "ip_subnet" VALUES(1, 78);
INSERT INTO "ip_subnet" VALUES(1, 79);
INSERT INTO "ip_subnet" VALUES(1, 80);
INSERT INTO "ip_subnet" VALUES(1, 81);
INSERT INTO "ip_subnet" VALUES(1, 82);
INSERT INTO "ip_subnet" VALUES(1, 83);
INSERT INTO "ip_subnet" VALUES(1, 84);
INSERT INTO "ip_subnet" VALUES(1, 85);
INSERT INTO "ip_subnet" VALUES(1, 86);
INSERT INTO "ip_subnet" VALUES(1, 87);
INSERT INTO "ip_subnet" VALUES(1, 88);
INSERT INTO "ip_subnet" VALUES(1, 89);
INSERT INTO "ip_subnet" VALUES(1, 90);
INSERT INTO "ip_subnet" VALUES(1, 91);
INSERT INTO "ip_subnet" VALUES(1, 92);
INSERT INTO "ip_subnet" VALUES(1, 93);
INSERT INTO "ip_subnet" VALUES(1, 94);
INSERT INTO "ip_subnet" VALUES(1, 95);
INSERT INTO "ip_subnet" VALUES(1, 96);
INSERT INTO "ip_subnet" VALUES(1, 97);
INSERT INTO "ip_subnet" VALUES(1, 98);
INSERT INTO "ip_subnet" VALUES(1, 99);
INSERT INTO "ip_subnet" VALUES(1, 100);
INSERT INTO "ip_subnet" VALUES(1, 101);
INSERT INTO "ip_subnet" VALUES(1, 102);
INSERT INTO "ip_subnet" VALUES(1, 103);
INSERT INTO "ip_subnet" VALUES(1, 104);
INSERT INTO "ip_subnet" VALUES(1, 105);
INSERT INTO "ip_subnet" VALUES(1, 106);
INSERT INTO "ip_subnet" VALUES(1, 107);
INSERT INTO "ip_subnet" VALUES(1, 108);
INSERT INTO "ip_subnet" VALUES(1, 109);
INSERT INTO "ip_subnet" VALUES(1, 110);
INSERT INTO "ip_subnet" VALUES(1, 111);
INSERT INTO "ip_subnet" VALUES(1, 112);
INSERT INTO "ip_subnet" VALUES(1, 113);
INSERT INTO "ip_subnet" VALUES(1, 114);
INSERT INTO "ip_subnet" VALUES(1, 115);
INSERT INTO "ip_subnet" VALUES(1, 116);
INSERT INTO "ip_subnet" VALUES(1, 117);
INSERT INTO "ip_subnet" VALUES(1, 118);
INSERT INTO "ip_subnet" VALUES(1, 119);
INSERT INTO "ip_subnet" VALUES(1, 120);
INSERT INTO "ip_subnet" VALUES(1, 121);
INSERT INTO "ip_subnet" VALUES(1, 122);
INSERT INTO "ip_subnet" VALUES(1, 123);
INSERT INTO "ip_subnet" VALUES(1, 124);
INSERT INTO "ip_subnet" VALUES(1, 125);
INSERT INTO "ip_subnet" VALUES(1, 126);
INSERT INTO "ip_subnet" VALUES(1, 127);
INSERT INTO "ip_subnet" VALUES(1, 128);
INSERT INTO "ip_subnet" VALUES(1, 129);
INSERT INTO "ip_subnet" VALUES(1, 130);
INSERT INTO "ip_subnet" VALUES(1, 131);
INSERT INTO "ip_subnet" VALUES(1, 132);
INSERT INTO "ip_subnet" VALUES(1, 133);
INSERT INTO "ip_subnet" VALUES(1, 134);
INSERT INTO "ip_subnet" VALUES(1, 135);
INSERT INTO "ip_subnet" VALUES(1, 136);
INSERT INTO "ip_subnet" VALUES(1, 137);
INSERT INTO "ip_subnet" VALUES(1, 138);
INSERT INTO "ip_subnet" VALUES(1, 139);
INSERT INTO "ip_subnet" VALUES(1, 140);
INSERT INTO "ip_subnet" VALUES(1, 141);
INSERT INTO "ip_subnet" VALUES(1, 142);
INSERT INTO "ip_subnet" VALUES(1, 143);
INSERT INTO "ip_subnet" VALUES(1, 144);
INSERT INTO "ip_subnet" VALUES(1, 145);
INSERT INTO "ip_subnet" VALUES(1, 146);
INSERT INTO "ip_subnet" VALUES(1, 147);
INSERT INTO "ip_subnet" VALUES(1, 148);
INSERT INTO "ip_subnet" VALUES(1, 149);
INSERT INTO "ip_subnet" VALUES(1, 150);
INSERT INTO "ip_subnet" VALUES(1, 151);
INSERT INTO "ip_subnet" VALUES(1, 152);
INSERT INTO "ip_subnet" VALUES(1, 153);
INSERT INTO "ip_subnet" VALUES(1, 154);
INSERT INTO "ip_subnet" VALUES(1, 155);
INSERT INTO "ip_subnet" VALUES(1, 156);
INSERT INTO "ip_subnet" VALUES(1, 157);
INSERT INTO "ip_subnet" VALUES(1, 158);
INSERT INTO "ip_subnet" VALUES(1, 159);
INSERT INTO "ip_subnet" VALUES(1, 160);
INSERT INTO "ip_subnet" VALUES(1, 161);
INSERT INTO "ip_subnet" VALUES(1, 162);
INSERT INTO "ip_subnet" VALUES(1, 163);
INSERT INTO "ip_subnet" VALUES(1, 164);
INSERT INTO "ip_subnet" VALUES(1, 165);
INSERT INTO "ip_subnet" VALUES(1, 166);
INSERT INTO "ip_subnet" VALUES(1, 167);
INSERT INTO "ip_subnet" VALUES(1, 168);
INSERT INTO "ip_subnet" VALUES(1, 169);
INSERT INTO "ip_subnet" VALUES(1, 170);
INSERT INTO "ip_subnet" VALUES(1, 171);
INSERT INTO "ip_subnet" VALUES(1, 172);
INSERT INTO "ip_subnet" VALUES(1, 173);
INSERT INTO "ip_subnet" VALUES(1, 174);
INSERT INTO "ip_subnet" VALUES(1, 175);
INSERT INTO "ip_subnet" VALUES(1, 176);
INSERT INTO "ip_subnet" VALUES(1, 177);
INSERT INTO "ip_subnet" VALUES(1, 178);
INSERT INTO "ip_subnet" VALUES(1, 179);
INSERT INTO "ip_subnet" VALUES(1, 180);
INSERT INTO "ip_subnet" VALUES(1, 181);
INSERT INTO "ip_subnet" VALUES(1, 182);
INSERT INTO "ip_subnet" VALUES(1, 183);
INSERT INTO "ip_subnet" VALUES(1, 184);
INSERT INTO "ip_subnet" VALUES(1, 185);
INSERT INTO "ip_subnet" VALUES(1, 186);
INSERT INTO "ip_subnet" VALUES(1, 187);
INSERT INTO "ip_subnet" VALUES(1, 188);
INSERT INTO "ip_subnet" VALUES(1, 189);
INSERT INTO "ip_subnet" VALUES(1, 190);
INSERT INTO "ip_subnet" VALUES(1, 191);
INSERT INTO "ip_subnet" VALUES(1, 192);
INSERT INTO "ip_subnet" VALUES(1, 193);
INSERT INTO "ip_subnet" VALUES(1, 194);
INSERT INTO "ip_subnet" VALUES(1, 195);
INSERT INTO "ip_subnet" VALUES(1, 196);
INSERT INTO "ip_subnet" VALUES(1, 197);
INSERT INTO "ip_subnet" VALUES(1, 198);
INSERT INTO "ip_subnet" VALUES(1, 199);
INSERT INTO "ip_subnet" VALUES(1, 200);
INSERT INTO "ip_subnet" VALUES(1, 201);
INSERT INTO "ip_subnet" VALUES(1, 202);
INSERT INTO "ip_subnet" VALUES(1, 203);
INSERT INTO "ip_subnet" VALUES(1, 204);
INSERT INTO "ip_subnet" VALUES(1, 205);
INSERT INTO "ip_subnet" VALUES(1, 206);
INSERT INTO "ip_subnet" VALUES(1, 207);
INSERT INTO "ip_subnet" VALUES(1, 208);
INSERT INTO "ip_subnet" VALUES(1, 209);
INSERT INTO "ip_subnet" VALUES(1, 210);
INSERT INTO "ip_subnet" VALUES(1, 211);
INSERT INTO "ip_subnet" VALUES(1, 212);
INSERT INTO "ip_subnet" VALUES(1, 213);
INSERT INTO "ip_subnet" VALUES(1, 214);
INSERT INTO "ip_subnet" VALUES(1, 215);
INSERT INTO "ip_subnet" VALUES(1, 216);
INSERT INTO "ip_subnet" VALUES(1, 217);
INSERT INTO "ip_subnet" VALUES(1, 218);
INSERT INTO "ip_subnet" VALUES(1, 219);
INSERT INTO "ip_subnet" VALUES(1, 220);
INSERT INTO "ip_subnet" VALUES(1, 221);
INSERT INTO "ip_subnet" VALUES(1, 222);
INSERT INTO "ip_subnet" VALUES(1, 223);
INSERT INTO "ip_subnet" VALUES(1, 224);
INSERT INTO "ip_subnet" VALUES(1, 225);
INSERT INTO "ip_subnet" VALUES(1, 226);
INSERT INTO "ip_subnet" VALUES(1, 227);
INSERT INTO "ip_subnet" VALUES(1, 228);
INSERT INTO "ip_subnet" VALUES(1, 229);
INSERT INTO "ip_subnet" VALUES(1, 230);
INSERT INTO "ip_subnet" VALUES(1, 231);
INSERT INTO "ip_subnet" VALUES(1, 232);
INSERT INTO "ip_subnet" VALUES(1, 233);
INSERT INTO "ip_subnet" VALUES(1, 234);
INSERT INTO "ip_subnet" VALUES(1, 235);
INSERT INTO "ip_subnet" VALUES(1, 236);
INSERT INTO "ip_subnet" VALUES(1, 237);
INSERT INTO "ip_subnet" VALUES(1, 238);
INSERT INTO "ip_subnet" VALUES(1, 239);
INSERT INTO "ip_subnet" VALUES(1, 240);
INSERT INTO "ip_subnet" VALUES(1, 241);
INSERT INTO "ip_subnet" VALUES(1, 242);
INSERT INTO "ip_subnet" VALUES(1, 243);
INSERT INTO "ip_subnet" VALUES(1, 244);
INSERT INTO "ip_subnet" VALUES(1, 245);
INSERT INTO "ip_subnet" VALUES(1, 246);
INSERT INTO "ip_subnet" VALUES(1, 247);
INSERT INTO "ip_subnet" VALUES(1, 248);
INSERT INTO "ip_subnet" VALUES(1, 249);
INSERT INTO "ip_subnet" VALUES(1, 250);
INSERT INTO "ip_subnet" VALUES(1, 251);
INSERT INTO "ip_subnet" VALUES(1, 252);
INSERT INTO "ip_subnet" VALUES(1, 253);
INSERT INTO "ip_subnet" VALUES(1, 254);
INSERT INTO "ip_subnet" VALUES(1, 255);
INSERT INTO "ip_subnet" VALUES(1, 256);
INSERT INTO "ip_subnet" VALUES(1, 257);
INSERT INTO "ip_subnet" VALUES(1, 258);
INSERT INTO "ip_subnet" VALUES(1, 259);
INSERT INTO "ip_subnet" VALUES(1, 260);
INSERT INTO "ip_subnet" VALUES(1, 261);
INSERT INTO "ip_subnet" VALUES(1, 262);

COMMIT;


/* get server name and ips */
SELECT server.name, ip.ip
FROM server
LEFT JOIN server_ips ON server.id = server_ips.server_id
LEFT JOIN ip on server_ips.ip_id = ip.id;

/* Find server name based on IP */
SELECT server.name
FROM server
LEFT JOIN server_ips ON server.id = server_ips.server_id
LEFT JOIN ip on server_ips.ip_id = ip.id
WHERE ip.ip = '192.168.0.2';

/* get ip and subnet */
SELECT ip.ip, subnet.network, subnet.gateway, subnet.broadcast, subnet.prefix, subnet.netmask
FROM ip
LEFT JOIN ip_subnet ON ip.id = ip_subnet.ip_id
LEFT JOIN subnet ON ip_subnet.subnet_id = subnet.id;

/* Get Vlans and IP addresses */
SELECT vlan.vlan, subnet.network
FROM vlan
LEFT JOIN vlan_subnets ON vlan.id = vlan_subnets.vlan_id
LEFT JOIN subnet ON vlan_subnets.subnet_id = subnet.id;

/* Select IPs subnets and VLANs */
SELECT ip.ip, subnet.network, subnet.gateway, subnet.broadcast, vlan.vlan
FROM ip
LEFT JOIN ip_subnet ON ip.id = ip_subnet.ip_id
LEFT JOIN subnet ON ip_subnet.subnet_id = subnet.id
LEFT JOIN vlan_subnets ON subnet.id = vlan_subnets.subnet_id
LEFT JOIN vlan ON vlan_subnets.vlan_id = vlan.id;
